{
    "mean": [
        278.45648193359375,
        -0.05302836745977402,
        0.18636862933635712,
        9.984565258491784e-05,
        199352.578125,
        157621.15625,
        133121.75,
        115312.953125,
        101208.9609375,
        89402.0234375,
        69971.1171875,
        54108.1796875,
        40643.0625,
        28925.294921875,
        13748.3447265625,
        7014.361328125,
        738.28076171875,
        212.49501037597656,
        208.39463806152344,
        213.29470825195312,
        218.02896118164062,
        222.7325439453125,
        228.83114624023438,
        242.09947204589844,
        252.915283203125,
        261.0999450683594,
        267.35784912109375,
        274.51837158203125,
        277.3168029785156,
        280.9718933105469,
        6.511358737945557,
        26.26487922668457,
        26.794998168945312,
        35.66500473022461,
        47.29899978637695,
        53.84512710571289,
        52.585174560546875,
        50.38509750366211,
        51.569740295410156,
        54.95396423339844,
        69.12255096435547,
        79.0954360961914,
        78.60669708251953,
        5.634260177612305,
        10.268631935119629,
        13.534361839294434,
        14.209449768066406,
        13.348237037658691,
        11.804636001586914,
        8.817828178405762,
        6.561363220214844,
        4.812414169311523,
        3.3435518741607666,
        1.4136286973953247,
        0.6133455038070679,
        -0.035336025059223175,
        0.004142794758081436,
        0.014410842210054398,
        -0.03666761517524719,
        -0.04472469910979271,
        -0.029776500537991524,
        -0.02294325642287731,
        -0.01773764006793499,
        -0.024035273119807243,
        -0.027187392115592957,
        0.020306812599301338,
        0.14281414449214935,
        0.2034217119216919,
        0.18407060205936432
    ],
    "std": [
        21.26502799987793,
        5.540960788726807,
        4.761945724487305,
        0.0003746203728951514,
        5879.0048828125,
        5505.0498046875,
        5836.78125,
        5824.04296875,
        5531.3349609375,
        5086.68798828125,
        4150.619140625,
        3354.75537109375,
        2695.5869140625,
        2135.319580078125,
        1468.42578125,
        1227.1142578125,
        1070.5062255859375,
        10.27515697479248,
        12.518753051757812,
        8.939279556274414,
        7.190521240234375,
        8.528138160705566,
        10.713107109069824,
        12.701193809509277,
        13.071146965026855,
        13.4163236618042,
        14.779977798461914,
        15.602575302124023,
        16.112632751464844,
        17.155902862548828,
        15.529836654663086,
        33.44852828979492,
        32.2204704284668,
        34.101505279541016,
        34.4155387878418,
        33.870574951171875,
        34.0928840637207,
        33.47841262817383,
        32.64479446411133,
        31.3819637298584,
        26.295896530151367,
        21.468517303466797,
        18.219013214111328,
        15.318778991699219,
        13.517099380493164,
        16.030044555664062,
        17.66140365600586,
        17.955196380615234,
        17.109722137451172,
        14.334814071655273,
        11.9762601852417,
        10.325418472290039,
        9.158075332641602,
        8.179483413696289,
        7.930190563201904,
        6.134853363037109,
        7.040770530700684,
        7.472195148468018,
        9.56579875946045,
        11.872408866882324,
        13.374472618103027,
        13.33729362487793,
        11.227190017700195,
        9.178088188171387,
        7.799095153808594,
        6.8661603927612305,
        6.258763790130615,
        6.464735984802246,
        5.304272651672363
    ]
}